name,chg,country,currencyCode,period,high,chgpcnt,low,time,prev,iyield
Argentina 1Y,0.00,Argentina,Argentina,1Y,15.69,0.00,15.69,26/08,15.69,15.69
Argentina 2Y,0.000,Argentina,Argentina,2Y,12.400,0.00,12.400,26/08,12.400,12.400
Argentina 4Y,0.000,Argentina,Argentina,4Y,8.140,0.00,8.140,26/08,8.140,8.140
Argentina 10Y,-0.170,Argentina,Argentina,10Y,9.520,-1.75,9.520,1:15:04,9.690,9.520
Argentina 20Y,0.07,Argentina,Argentina,20Y,8.71,0.81,8.71,1:15:04,8.64,8.71
Argentina 25Y,0.000,Argentina,Argentina,25Y,8.340,0.00,8.340,27/08,8.340,8.340
Argentina 30Y,0.010,Argentina,Argentina,30Y,8.180,0.12,8.180,1:15:04,8.170,8.180
Australia 1Y,0.010,Australia,Australia,1Y,1.922,0.53,1.888,2:03:52,1.883,1.893
Australia 2Y,0.018,Australia,Australia,2Y,1.865,0.99,1.832,3:22:58,1.817,1.835
Australia 3Y,0.029,Australia,Australia,3Y,1.849,1.60,1.825,2:37:11,1.813,1.842
Australia 4Y,0.040,Australia,Australia,4Y,1.961,2.11,1.926,3:30:47,1.899,1.939
Australia 5Y,0.014,Australia,Australia,5Y,2.161,0.66,2.133,2:04:45,2.119,2.133
Australia 6Y,0.029,Australia,Australia,6Y,2.228,1.34,2.183,3:30:48,2.170,2.199
Australia 7Y,0.024,Australia,Australia,7Y,2.427,1.01,2.403,3:30:50,2.384,2.408
Australia 8Y,0.034,Australia,Australia,8Y,2.543,1.36,2.517,3:30:50,2.499,2.533
Australia 9Y,0.022,Australia,Australia,9Y,2.674,0.84,2.641,3:30:49,2.631,2.653
Australia 10Y,0.029,Australia,Australia,10Y,2.757,1.07,2.721,3:30:49,2.711,2.740
Australia 12Y,0.026,Australia,Australia,12Y,2.914,0.91,2.880,3:30:49,2.871,2.897
Australia 15Y,0.025,Australia,Australia,15Y,3.071,0.82,3.042,3:30:49,3.031,3.056
Austria 1Y,0.002,Austria,Austria,1Y,-0.159,1.08,-0.198,27/08,-0.185,-0.183
Austria 2Y,-0.001,Austria,Austria,2Y,-0.134,-0.69,-0.155,27/08,-0.144,-0.145
Austria 3Y,-0.002,Austria,Austria,3Y,-0.055,-1.59,-0.079,27/08,-0.063,-0.064
Austria 4Y,0.000,Austria,Austria,4Y,0.088,0.00,0.066,27/08,0.082,0.082
Austria 5Y,0.000,Austria,Austria,5Y,0.198,0.00,0.163,27/08,0.185,0.185
Austria 6Y,0.007,Austria,Austria,6Y,0.383,1.92,0.346,27/08,0.364,0.371
Austria 7Y,0.033,Austria,Austria,7Y,0.697,5.57,0.553,3:34:29,0.575,0.607
Austria 8Y,0.005,Austria,Austria,8Y,0.729,0.70,0.686,27/08,0.714,0.719
Austria 10Y,0.007,Austria,Austria,10Y,1.069,0.66,1.023,27/08,1.054,1.061
Austria 15Y,0.007,Austria,Austria,15Y,1.155,0.61,1.110,27/08,1.139,1.146
Austria 20Y,0.070,Austria,Austria,20Y,1.569,4.69,1.464,3:30:05,1.491,1.561
Austria 25Y,0.043,Austria,Austria,25Y,1.620,2.74,1.525,3:31:08,1.569,1.612
Austria 50Y,0.012,Austria,Austria,50Y,1.834,0.72,1.754,27/08,1.806,1.819
Belgium 3M,0.003,Belgium,Belgium,3M,-0.212,0.00,-0.234,27/08,-0.213,-0.213
Belgium 6M,0.004,Belgium,Belgium,6M,-0.212,1.85,-0.221,27/08,-0.216,-0.212
Belgium 1Y,-0.007,Belgium,Belgium,1Y,-0.201,0.00,-0.211,27/08,-0.210,-0.210
Belgium 2Y,0.024,Belgium,Belgium,2Y,-0.032,14.11,-0.172,2:56:10,-0.163,-0.140
Belgium 3Y,0.076,Belgium,Belgium,3Y,-0.040,65.52,-0.125,0:02:30,-0.116,-0.040
Belgium 4Y,0.029,Belgium,Belgium,4Y,0.131,263.64,0.001,3:30:05,0.011,0.040
Belgium 5Y,0.091,Belgium,Belgium,5Y,0.337,36.99,0.231,0:02:36,0.246,0.337
Belgium 6Y,0.021,Belgium,Belgium,6Y,0.436,5.49,0.381,3:32:17,0.401,0.423
Belgium 7Y,0.004,Belgium,Belgium,7Y,0.653,0.66,0.570,3:30:05,0.607,0.611
Belgium 8Y,0.019,Belgium,Belgium,8Y,0.798,2.56,0.712,3:32:17,0.743,0.762
Belgium 9Y,0.022,Belgium,Belgium,9Y,0.938,2.40,0.884,1:55:40,0.916,0.938
Belgium 10Y,0.006,Belgium,Belgium,10Y,1.114,0.54,1.069,0:05:40,1.104,1.110
Belgium 15Y,0.001,Belgium,Belgium,15Y,1.666,0.06,1.609,27/08,1.662,1.663
Belgium 20Y,-0.001,Belgium,Belgium,20Y,1.766,-0.06,1.710,27/08,1.758,1.757
Botswana 6M,0.001,Botswana,Botswana,6M,2.251,0.04,2.251,0:07:36,2.250,2.251
Botswana 3Y,0.000,Botswana,Botswana,3Y,4.500,0.00,4.500,0:07:35,4.500,4.500
Botswana 5Y,0.000,Botswana,Botswana,5Y,5.100,0.00,5.100,27/08,5.100,5.100
Botswana 10Y,0.000,Botswana,Botswana,10Y,5.900,0.00,5.900,27/08,5.900,5.900
Brazil 9M,0.000,Brazil,Brazil,9M,14.325,0.00,14.265,26/08,14.325,14.325
Brazil 1Y,0.000,Brazil,Brazil,1Y,14.355,0.00,14.200,26/08,14.225,14.225
Brazil 2Y,-0.255,Brazil,Brazil,2Y,13.840,-1.81,13.840,27/08,13.840,13.840
Brazil 3Y,-0.090,Brazil,Brazil,3Y,13.945,-0.65,13.772,27/08,13.900,13.810
Brazil 5Y,0.025,Brazil,Brazil,5Y,13.910,0.18,13.700,0:00:04,13.750,13.775
Brazil 8Y,0.020,Brazil,Brazil,8Y,13.885,0.14,13.849,0:00:04,13.865,13.885
Brazil 10Y,0.005,Brazil,Brazil,10Y,13.935,0.04,13.910,0:00:04,13.930,13.935
Bulgaria 1M,0.010,Bulgaria,Bulgaria,1M,0.080,14.29,0.010,3:32:05,0.070,0.080
Bulgaria 1Y,-0.002,Bulgaria,Bulgaria,1Y,0.901,-0.23,0.800,27/08,0.851,0.849
Bulgaria 3Y,0.000,Bulgaria,Bulgaria,3Y,1.500,0.00,1.500,27/08,1.500,1.500
Bulgaria 5Y,0.000,Bulgaria,Bulgaria,5Y,1.800,0.00,1.800,27/08,1.800,1.800
Bulgaria 7Y,0.000,Bulgaria,Bulgaria,7Y,2.400,0.00,2.400,27/08,2.400,2.400
Bulgaria 10Y,0.000,Bulgaria,Bulgaria,10Y,3.100,0.00,3.100,27/08,3.100,3.100
Canada 1M,-0.017,Canada,Canada,1M,0.367,-4.63,0.350,27/08,0.367,0.350
Canada 2M,-0.010,Canada,Canada,2M,0.370,-2.70,0.360,27/08,0.360,0.360
Canada 3M,-0.010,Canada,Canada,3M,0.375,-2.67,0.360,27/08,0.365,0.365
Canada 6M,0.000,Canada,Canada,6M,0.390,0.00,0.385,27/08,0.385,0.385
Canada 1Y,0.005,Canada,Canada,1Y,0.400,1.28,0.390,27/08,0.390,0.395
Canada 2Y,0.012,Canada,Canada,2Y,0.417,3.06,0.373,27/08,0.392,0.404
Canada 3Y,0.017,Canada,Canada,3Y,0.462,3.92,0.415,27/08,0.434,0.451
Canada 4Y,-0.001,Canada,Canada,4Y,0.571,-0.18,0.511,27/08,0.564,0.563
Canada 5Y,0.028,Canada,Canada,5Y,0.748,3.92,0.689,27/08,0.715,0.743
Canada 7Y,-0.009,Canada,Canada,7Y,1.069,-0.85,1.007,27/08,1.064,1.055
Canada 10Y,0.024,Canada,Canada,10Y,1.468,1.67,1.407,27/08,1.441,1.465
Canada 20Y,-0.009,Canada,Canada,20Y,2.185,-0.41,2.136,27/08,2.175,2.166
Canada 30Y,0.018,Canada,Canada,30Y,2.223,0.82,2.179,27/08,2.196,2.214
Chile 1M,0.000,Chile,Chile,1M,2.820,0.00,2.820,26/08,2.820,2.820
Chile 1Y,0.150,Chile,Chile,1Y,3.420,4.59,3.420,0:45:03,3.270,3.420
Chile 2Y,0.010,Chile,Chile,2Y,3.500,0.29,3.500,0:45:04,3.490,3.500
Chile 3Y,0.010,Chile,Chile,3Y,3.670,0.27,3.670,0:45:03,3.660,3.670
Chile 4Y,-0.010,Chile,Chile,4Y,3.850,-0.26,3.850,0:45:04,3.850,3.850
Chile 5Y,-0.020,Chile,Chile,5Y,4.020,-0.49,4.010,0:45:03,4.040,4.020
Chile 8Y,-0.010,Chile,Chile,8Y,4.230,-0.24,4.220,0:45:04,4.240,4.230
Chile 10Y,-0.010,Chile,Chile,10Y,4.420,-0.23,4.420,0:45:03,4.420,4.420
China 1Y,0.019,China,China,1Y,2.360,0.81,2.340,3:13:38,2.336,2.355
China 2Y,-0.001,China,China,2Y,2.610,-0.04,2.577,3:13:36,2.578,2.577
China 3Y,0.054,China,China,3Y,2.927,1.89,2.890,3:30:01,2.863,2.917
China 5Y,-0.023,China,China,5Y,3.225,-0.72,3.170,3:13:13,3.196,3.173
China 7Y,-0.060,China,China,7Y,3.505,-1.72,3.417,3:13:28,3.483,3.423
China 10Y,-0.040,China,China,10Y,3.443,-1.16,3.406,3:13:15,3.453,3.413
China 15Y,-0.037,China,China,15Y,3.625,-1.02,3.593,3:13:13,3.630,3.593
China 20Y,-0.040,China,China,20Y,3.780,-1.06,3.745,3:13:18,3.785,3.745
China 30Y,-0.042,China,China,30Y,3.930,-1.07,3.900,3:13:05,3.942,3.900
Colombia 1Y,-0.031,Colombia,Colombia,1Y,5.156,-0.60,5.070,0:45:04,5.141,5.110
Colombia 4Y,-0.063,Colombia,Colombia,4Y,6.182,-1.03,6.057,0:45:03,6.140,6.077
Colombia 5Y,-0.005,Colombia,Colombia,5Y,6.506,-0.08,6.400,0:45:04,6.445,6.445
Colombia 10Y,-0.100,Colombia,Colombia,10Y,7.710,-1.29,7.628,0:45:04,7.760,7.660
Colombia 15Y,-0.010,Colombia,Colombia,15Y,8.469,0.00,8.369,0:45:04,8.440,8.440
Croatia 6M,0.140,Croatia,Croatia,6M,1.010,16.09,1.010,27/08,1.010,1.010
Croatia 9M,0.100,Croatia,Croatia,9M,1.130,9.71,1.130,27/08,1.130,1.130
Croatia 1Y,0.020,Croatia,Croatia,1Y,1.270,1.60,1.270,27/08,1.270,1.270
Croatia 3Y,0.063,Croatia,Croatia,3Y,2.781,2.34,2.731,27/08,2.692,2.755
Croatia 5Y,-0.005,Croatia,Croatia,5Y,3.200,-0.16,3.076,27/08,3.205,3.200
Croatia 10Y,0.000,Croatia,Croatia,10Y,4.155,0.00,4.155,27/08,4.155,4.155
Czech Republic 3M,-0.020,Czech Republic,Czech Republic,3M,0.050,-28.57,0.050,27/08,0.050,0.050
Czech Republic 6M,-0.081,Czech Republic,Czech Republic,6M,0.050,-114.08,-0.010,3:01:08,-0.010,-0.010
Czech Republic 1Y,-0.061,Czech Republic,Czech Republic,1Y,0.050,-75.31,0.020,3:01:08,0.020,0.020
Czech Republic 2Y,-0.014,Czech Republic,Czech Republic,2Y,-0.172,-8.18,-0.202,27/08,-0.159,-0.172
Czech Republic 3Y,-0.002,Czech Republic,Czech Republic,3Y,0.061,-4.55,0.021,27/08,0.022,0.021
Czech Republic 4Y,-0.004,Czech Republic,Czech Republic,4Y,0.168,-3.54,0.102,27/08,0.113,0.109
Czech Republic 5Y,-0.002,Czech Republic,Czech Republic,5Y,0.203,-0.51,0.173,27/08,0.198,0.197
Czech Republic 6Y,-0.005,Czech Republic,Czech Republic,6Y,0.292,-2.12,0.231,27/08,0.236,0.231
Czech Republic 7Y,0.014,Czech Republic,Czech Republic,7Y,0.381,3.95,0.353,27/08,0.368,0.368
Czech Republic 9Y,0.007,Czech Republic,Czech Republic,9Y,0.721,1.06,0.664,27/08,0.662,0.669
Czech Republic 10Y,-0.006,Czech Republic,Czech Republic,10Y,0.932,-0.55,0.900,27/08,0.910,0.905
Czech Republic 15Y,0.007,Czech Republic,Czech Republic,15Y,1.347,0.62,1.306,27/08,1.298,1.306
Czech Republic 50Y,-0.001,Czech Republic,Czech Republic,50Y,2.607,-0.04,2.607,27/08,2.607,2.607
Denmark 1M,0.020,Denmark,Denmark,1M,-0.530,3.12,-0.640,27/08,-0.640,-0.620
Denmark 2M,0.030,Denmark,Denmark,2M,-0.490,5.08,-0.590,27/08,-0.590,-0.560
Denmark 3M,0.010,Denmark,Denmark,3M,-0.450,1.92,-0.510,27/08,-0.520,-0.510
Denmark 6M,0.010,Denmark,Denmark,6M,-0.340,2.86,-0.370,27/08,-0.340,-0.340
Denmark 1Y,-0.010,Denmark,Denmark,1Y,-0.150,-5.56,-0.200,27/08,-0.180,-0.190
Denmark 2Y,0.065,Denmark,Denmark,2Y,-0.168,27.31,-0.240,27/08,-0.173,-0.173
Denmark 3Y,-0.003,Denmark,Denmark,3Y,-0.008,-21.43,-0.117,27/08,-0.014,-0.017
Denmark 5Y,0.036,Denmark,Denmark,5Y,0.111,51.43,0.078,27/08,0.106,0.106
Denmark 8Y,0.004,Denmark,Denmark,8Y,0.707,0.72,0.651,27/08,0.699,0.704
Denmark 10Y,0.005,Denmark,Denmark,10Y,1.031,0.51,0.939,27/08,0.974,0.979
Denmark 30Y,0.002,Denmark,Denmark,30Y,1.464,0.14,1.387,27/08,1.445,1.447
Egypt Overnight,-0.012,Egypt,Egypt,Overnight,8.907,-0.13,8.907,27/08,8.907,8.907
Egypt 3M,0.007,Egypt,Egypt,3M,10.907,0.06,10.900,0:07:37,10.900,10.907
Egypt 6M,-0.308,Egypt,Egypt,6M,11.242,-2.67,11.242,0:07:39,11.550,11.242
Egypt 9M,-0.101,Egypt,Egypt,9M,11.549,-0.87,11.549,0:07:39,11.650,11.549
Egypt 1Y,-0.133,Egypt,Egypt,1Y,11.617,-1.13,11.617,0:07:38,11.750,11.617
Egypt 3Y,-0.160,Egypt,Egypt,3Y,12.890,-1.23,12.890,27/08,13.050,12.890
Egypt 5Y,0.000,Egypt,Egypt,5Y,14.000,0.00,14.000,27/08,14.000,14.000
Egypt 7Y,-0.250,Egypt,Egypt,7Y,14.500,-1.69,14.500,27/08,14.750,14.500
Egypt 10Y,-0.100,Egypt,Egypt,10Y,15.400,-0.65,15.400,27/08,15.500,15.400
Finland 2Y,0.007,Finland,Finland,2Y,-0.126,3.98,-0.178,27/08,-0.176,-0.169
Finland 3Y,-0.017,Finland,Finland,3Y,-0.045,-34.69,-0.081,27/08,-0.049,-0.066
Finland 4Y,0.001,Finland,Finland,4Y,0.046,2.94,0.015,27/08,0.034,0.035
Finland 5Y,0.001,Finland,Finland,5Y,0.213,0.52,0.179,27/08,0.194,0.195
Finland 6Y,0.001,Finland,Finland,6Y,0.308,0.33,0.284,27/08,0.301,0.302
Finland 8Y,0.001,Finland,Finland,8Y,0.656,0.15,0.619,27/08,0.645,0.646
Finland 10Y,0.000,Finland,Finland,10Y,0.922,0.00,0.877,27/08,0.908,0.908
Finland 15Y,0.003,Finland,Finland,15Y,1.394,0.22,1.345,27/08,1.381,1.384
France 1M,0.028,France,France,1M,-0.190,0.00,-0.225,27/08,-0.190,-0.190
France 3M,0.003,France,France,3M,-0.193,0.00,-0.202,27/08,-0.195,-0.195
France 6M,-0.012,France,France,6M,-0.208,0.00,-0.222,27/08,-0.217,-0.217
France 9M,-0.002,France,France,9M,-0.201,0.00,-0.214,27/08,-0.210,-0.210
France 1Y,-0.003,France,France,1Y,-0.176,0.00,-0.192,27/08,-0.185,-0.185
France 2Y,0.007,France,France,2Y,-0.133,4.73,-0.165,27/08,-0.148,-0.141
France 3Y,0.013,France,France,3Y,-0.016,16.05,-0.090,3:30:02,-0.081,-0.068
France 4Y,0.026,France,France,4Y,0.089,41.27,0.041,0:02:09,0.063,0.089
France 5Y,0.025,France,France,5Y,0.283,10.44,0.225,3:30:03,0.249,0.275
France 6Y,0.023,France,France,6Y,0.400,6.10,0.350,0:02:09,0.377,0.400
France 7Y,0.020,France,France,7Y,0.578,3.67,0.518,3:34:28,0.545,0.565
France 8Y,0.014,France,France,8Y,0.653,2.04,0.605,0:05:16,0.638,0.651
France 9Y,-0.001,France,France,9Y,0.911,-0.11,0.864,27/08,0.898,0.897
France 10Y,0.005,France,France,10Y,1.133,0.45,1.066,27/08,1.100,1.105
France 15Y,0.006,France,France,15Y,1.586,0.38,1.525,27/08,1.569,1.575
France 20Y,0.003,France,France,20Y,1.784,0.17,1.730,27/08,1.772,1.775
France 30Y,-0.004,France,France,30Y,2.043,-0.20,1.990,27/08,2.037,2.033
France 50Y,-0.002,France,France,50Y,2.219,-0.09,2.162,27/08,2.213,2.211
Germany 1M,0.024,Germany,Germany,1M,-0.266,0.00,-0.300,27/08,-0.266,-0.266
Germany 3M,0.023,Germany,Germany,3M,-0.276,7.54,-0.320,27/08,-0.305,-0.282
Germany 6M,0.000,Germany,Germany,6M,-0.206,0.00,-0.206,27/08,-0.206,-0.206
Germany 9M,0.001,Germany,Germany,9M,-0.269,0.00,-0.271,27/08,-0.270,-0.270
Germany 1Y,0.000,Germany,Germany,1Y,-0.222,0.00,-0.254,27/08,-0.224,-0.224
Germany 2Y,-0.002,Germany,Germany,2Y,-0.213,-0.93,-0.228,27/08,-0.216,-0.218
Germany 3Y,0.009,Germany,Germany,3Y,-0.137,6.16,-0.159,27/08,-0.146,-0.137
Germany 4Y,-0.001,Germany,Germany,4Y,-0.054,-3.45,-0.075,27/08,-0.058,-0.060
Germany 5Y,-0.002,Germany,Germany,5Y,0.087,-2.33,0.064,27/08,0.086,0.084
Germany 6Y,0.002,Germany,Germany,6Y,0.184,1.13,0.153,27/08,0.177,0.179
Germany 7Y,-0.001,Germany,Germany,7Y,0.320,-0.32,0.286,27/08,0.316,0.315
Germany 8Y,0.000,Germany,Germany,8Y,0.449,0.00,0.411,27/08,0.444,0.444
Germany 9Y,0.013,Germany,Germany,9Y,0.632,1.96,0.576,3:30:27,0.613,0.625
Germany 10Y,0.005,Germany,Germany,10Y,0.748,0.67,0.703,27/08,0.741,0.746
Germany 15Y,0.001,Germany,Germany,15Y,1.120,0.09,1.064,27/08,1.111,1.112
Germany 20Y,-0.005,Germany,Germany,20Y,1.239,-0.41,1.177,27/08,1.231,1.226
Germany 30Y,-0.003,Germany,Germany,30Y,1.457,-0.21,1.390,27/08,1.446,1.443
Greece 3M,-0.106,Greece,Greece,3M,3.183,-3.33,3.035,0:05:45,3.183,3.077
Greece 6M,-0.051,Greece,Greece,6M,3.165,-1.61,3.114,0:05:43,3.165,3.114
Greece 2Y,-0.526,Greece,Greece,2Y,12.735,-4.19,12.019,27/08,12.019,12.019
Greece 5Y,-0.578,Greece,Greece,5Y,11.200,-5.22,10.470,27/08,10.470,10.470
Greece 10Y,0.181,Greece,Greece,10Y,9.420,1.97,9.127,27/08,9.127,9.307
Greece 15Y,0.119,Greece,Greece,15Y,9.104,1.34,8.882,27/08,8.882,9.001
Greece 20Y,-0.016,Greece,Greece,20Y,8.943,-0.18,8.773,27/08,8.789,8.773
Greece 30Y,-0.059,Greece,Greece,30Y,8.417,-0.71,8.268,27/08,8.327,8.268
Hong Kong 1W,0,Hong Kong,Hong Kong,1W,0.020,0,0.020,1:51:54,0.020,0.020
Hong Kong 1M,0,Hong Kong,Hong Kong,1M,0.030,0,0.030,1:51:54,0.030,0.030
Hong Kong 3M,0,Hong Kong,Hong Kong,3M,0.030,0,0.030,1:51:54,0.030,0.030
Hong Kong 6M,0,Hong Kong,Hong Kong,6M,0.040,0,0.040,1:51:54,0.040,0.040
Hong Kong 9M,0.000,Hong Kong,Hong Kong,9M,0.060,0.00,0.060,1:51:54,0.060,0.060
Hong Kong 1Y,0.000,Hong Kong,Hong Kong,1Y,0.090,0.00,0.090,1:51:54,0.090,0.090
Hong Kong 2Y,0.000,Hong Kong,Hong Kong,2Y,0.511,0.00,0.511,27/08,0.511,0.511
Hong Kong 3Y,0.054,Hong Kong,Hong Kong,3Y,0.810,7.14,0.781,2:20:57,0.756,0.810
Hong Kong 5Y,0.040,Hong Kong,Hong Kong,5Y,1.247,3.26,1.195,2:21:06,1.197,1.236
Hong Kong 7Y,0.000,Hong Kong,Hong Kong,7Y,1.543,0.00,1.543,27/08,1.543,1.543
Hong Kong 10Y,0.000,Hong Kong,Hong Kong,10Y,1.838,0.00,1.838,1:06:02,1.827,1.838
Hong Kong 15Y,0.000,Hong Kong,Hong Kong,15Y,1.980,0.00,1.980,1:06:02,1.972,1.980
Hungary 3M,-0.020,Hungary,Hungary,3M,0.830,-2.35,0.830,27/08,0.830,0.830
Hungary 6M,-0.020,Hungary,Hungary,6M,0.780,-2.50,0.780,27/08,0.780,0.780
Hungary 1Y,-0.030,Hungary,Hungary,1Y,0.820,-3.53,0.820,27/08,0.820,0.820
Hungary 3Y,-0.050,Hungary,Hungary,3Y,2.260,-2.16,2.260,27/08,2.260,2.260
Hungary 5Y,-0.070,Hungary,Hungary,5Y,2.790,-2.45,2.790,27/08,2.790,2.790
Hungary 10Y,-0.080,Hungary,Hungary,10Y,3.780,-2.07,3.780,27/08,3.780,3.780
Hungary 15Y,-0.060,Hungary,Hungary,15Y,4.030,-1.47,4.030,27/08,4.030,4.030
Iceland 2Y,-0.039,Iceland,Iceland,2Y,6.126,-0.63,6.126,27/08,6.126,6.126
Iceland 5Y,0.063,Iceland,Iceland,5Y,6.145,1.04,6.143,27/08,6.143,6.143
Iceland 10Y,0.004,Iceland,Iceland,10Y,6.074,0.07,6.043,27/08,6.074,6.074
India 3M,-0.030,India,India,3M,7.410,-0.40,7.400,3:30:58,7.440,7.410
India 6M,-0.010,India,India,6M,7.500,-0.13,7.500,3:30:58,7.500,7.500
India 1Y,-0.010,India,India,1Y,7.419,-0.13,7.419,3:30:58,7.419,7.419
India 2Y,-0.006,India,India,2Y,7.723,-0.09,7.723,3:30:58,7.723,7.723
India 3Y,-0.008,India,India,3Y,7.811,-0.12,7.811,3:30:58,7.811,7.811
India 4Y,-0.006,India,India,4Y,7.814,-0.08,7.808,3:30:58,7.820,7.814
India 5Y,-0.013,India,India,5Y,7.887,-0.16,7.882,3:30:58,7.900,7.887
India 6Y,-0.021,India,India,6Y,7.953,0.00,7.951,3:30:58,7.951,7.951
India 7Y,-0.016,India,India,7Y,8.004,-0.19,7.998,3:30:58,8.019,8.004
India 8Y,-0.022,India,India,8Y,7.912,-0.28,7.905,3:30:59,7.934,7.912
India 9Y,-0.016,India,India,9Y,7.932,-0.20,7.926,3:30:59,7.948,7.932
India 10Y,-0.024,India,India,10Y,7.769,0.00,7.765,3:30:58,7.769,7.769
India 11Y,-0.015,India,India,11Y,8.013,-0.19,8.011,3:30:58,8.028,8.013
India 12Y,-0.009,India,India,12Y,8.033,-0.11,8.033,3:30:58,8.033,8.033
India 13Y,-0.014,India,India,13Y,8.015,-0.16,8.014,3:30:58,8.027,8.014
India 14Y,-0.022,India,India,14Y,7.915,-0.28,7.911,3:30:58,7.937,7.915
India 15Y,-0.008,India,India,15Y,8.084,0.00,8.080,3:30:58,8.084,8.084
India 19Y,-0.028,India,India,19Y,8.017,-0.36,8.009,3:30:58,8.038,8.009
India 24Y,-0.009,India,India,24Y,8.041,-0.11,8.032,3:30:58,8.050,8.041
India 30Y,-0.013,India,India,30Y,7.987,-0.16,7.978,3:30:58,7.991,7.978
Indonesia 6M,0.000,Indonesia,Indonesia,6M,6.600,0.00,6.600,0:30:41,6.600,6.600
Indonesia 1Y,0.000,Indonesia,Indonesia,1Y,7.789,0.00,7.789,0:30:41,7.789,7.789
Indonesia 3Y,0.000,Indonesia,Indonesia,3Y,8.370,0.00,8.370,2:24:32,8.393,8.370
Indonesia 5Y,0.000,Indonesia,Indonesia,5Y,8.524,0.00,8.524,2:24:32,8.532,8.524
Indonesia 10Y,0.000,Indonesia,Indonesia,10Y,8.754,0.00,8.732,2:24:33,8.816,8.732
Indonesia 15Y,0.000,Indonesia,Indonesia,15Y,9.129,0.00,9.097,2:24:34,9.142,9.097
Indonesia 20Y,0.000,Indonesia,Indonesia,20Y,9.166,0.00,9.166,2:24:35,9.258,9.166
Indonesia 25Y,0.000,Indonesia,Indonesia,25Y,9.509,0.00,9.509,0:30:41,9.509,9.509
Indonesia 30Y,0.000,Indonesia,Indonesia,30Y,9.506,0.00,9.506,0:30:41,9.506,9.506
Ireland 1Y,-0.011,Ireland,Ireland,1Y,0.211,-137.50,-0.131,3:30:05,0.008,-0.003
Ireland 2Y,0.072,Ireland,Ireland,2Y,0.131,270.37,-0.022,3:30:03,0.027,0.100
Ireland 3Y,0.112,Ireland,Ireland,3Y,0.208,125.84,0.056,3:30:02,0.089,0.201
Ireland 5Y,0.059,Ireland,Ireland,5Y,0.524,13.50,0.410,3:30:03,0.437,0.496
Ireland 7Y,0.063,Ireland,Ireland,7Y,0.881,7.70,0.779,3:30:03,0.805,0.867
Ireland 8Y,0.045,Ireland,Ireland,8Y,1.094,4.35,0.998,3:30:02,1.035,1.080
Ireland 10Y,-0.012,Ireland,Ireland,10Y,1.421,-0.85,1.379,27/08,1.418,1.406
Ireland 15Y,-0.034,Ireland,Ireland,15Y,1.908,-1.78,1.846,27/08,1.907,1.873
Israel 3M,0.002,Israel,Israel,3M,0.078,4.00,0.078,27/08,0.078,0.078
Israel 1Y,0.001,Israel,Israel,1Y,0.086,1.18,0.086,27/08,0.086,0.086
Israel 3Y,0.013,Israel,Israel,3Y,0.314,4.08,0.295,27/08,0.306,0.306
Israel 5Y,0.023,Israel,Israel,5Y,0.898,2.63,0.863,27/08,0.896,0.896
Israel 10Y,0.025,Israel,Israel,10Y,2.185,1.17,2.124,27/08,2.165,2.165
Italy 3M,-0.002,Italy,Italy,3M,-0.020,0.00,-0.117,27/08,-0.058,-0.058
Italy 6M,0.008,Italy,Italy,6M,0.048,0.00,0.033,27/08,0.043,0.043
Italy 9M,0.001,Italy,Italy,9M,0.030,0.00,0.016,27/08,0.030,0.030
Italy 1Y,0.002,Italy,Italy,1Y,0.073,0.00,0.061,27/08,0.068,0.068
Italy 2Y,-0.006,Italy,Italy,2Y,0.245,-3.70,0.181,27/08,0.189,0.182
Italy 3Y,-0.007,Italy,Italy,3Y,0.409,-1.82,0.375,27/08,0.384,0.377
Italy 4Y,-0.003,Italy,Italy,4Y,0.659,-0.48,0.618,27/08,0.622,0.619
Italy 5Y,0.001,Italy,Italy,5Y,0.969,0.11,0.909,27/08,0.913,0.914
Italy 6Y,0.004,Italy,Italy,6Y,1.248,0.34,1.188,27/08,1.191,1.195
Italy 7Y,0.001,Italy,Italy,7Y,1.474,0.00,1.411,27/08,1.416,1.416
Italy 8Y,0.000,Italy,Italy,8Y,1.736,0.00,1.668,27/08,1.675,1.675
Italy 9Y,0.002,Italy,Italy,9Y,1.891,0.05,1.823,27/08,1.831,1.832
Italy 10Y,0.000,Italy,Italy,10Y,1.984,0.00,1.915,27/08,1.927,1.927
Italy 15Y,0.013,Italy,Italy,15Y,2.451,0.54,2.377,27/08,2.396,2.409
Italy 20Y,-0.001,Italy,Italy,20Y,2.754,-0.04,2.684,27/08,2.705,2.704
Italy 30Y,0.008,Italy,Italy,30Y,3.003,0.27,2.931,27/08,2.950,2.958
Japan 3M,0.014,Japan,Japan,3M,0.014,0.00,-0.001,3:00:00,0.011,0.014
Japan 6M,0.007,Japan,Japan,6M,0.011,175.00,0.011,1:45:01,0.004,0.011
Japan 1Y,0.000,Japan,Japan,1Y,0.010,0.00,0.006,2:15:00,0.007,0.007
Japan 2Y,0.012,Japan,Japan,2Y,0.015,0.00,0.012,2:45:00,0.012,0.012
Japan 3Y,0.002,Japan,Japan,3Y,0.018,13.33,0.016,2:30:00,0.015,0.017
Japan 4Y,0.000,Japan,Japan,4Y,0.054,0.00,0.051,2:00:00,0.053,0.053
Japan 5Y,-0.002,Japan,Japan,5Y,0.080,-2.47,0.077,3:15:00,0.081,0.079
Japan 6Y,-0.007,Japan,Japan,6Y,0.117,-5.79,0.114,2:15:00,0.121,0.114
Japan 7Y,-0.002,Japan,Japan,7Y,0.162,-1.24,0.158,2:15:00,0.161,0.159
Japan 8Y,0.002,Japan,Japan,8Y,0.252,0.81,0.247,3:30:01,0.246,0.248
Japan 9Y,-0.002,Japan,Japan,9Y,0.329,-0.62,0.323,3:30:01,0.325,0.323
Japan 10Y,-0.002,Japan,Japan,10Y,0.390,-0.52,0.385,2:00:00,0.388,0.386
Japan 15Y,0.002,Japan,Japan,15Y,0.746,0.27,0.739,2:30:00,0.739,0.741
Japan 20Y,-0.001,Japan,Japan,20Y,1.160,-0.09,1.152,3:30:00,1.155,1.154
Japan 30Y,-0.001,Japan,Japan,30Y,1.407,-0.07,1.403,3:30:00,1.406,1.405
Japan 40Y,0.006,Japan,Japan,40Y,1.578,0.38,1.570,3:30:00,1.572,1.578
Kenya Overnight,0.000,Kenya,Kenya,Overnight,15.279,0.00,15.168,27/08,15.279,15.279
Kenya 3M,0.000,Kenya,Kenya,3M,11.565,0.00,11.565,27/08,11.565,11.565
Kenya 6M,0.000,Kenya,Kenya,6M,12.261,0.00,12.261,27/08,12.261,12.261
Kenya 1Y,0.000,Kenya,Kenya,1Y,13.045,0.00,13.045,27/08,13.045,13.045
Kenya 2Y,0.000,Kenya,Kenya,2Y,12.571,0.00,12.571,27/08,12.571,12.571
Kenya 3Y,0.000,Kenya,Kenya,3Y,13.177,0.00,13.177,27/08,13.177,13.177
Kenya 4Y,0.000,Kenya,Kenya,4Y,13.041,0.00,13.041,27/08,13.041,13.041
Kenya 5Y,0.000,Kenya,Kenya,5Y,13.136,0.00,13.136,27/08,13.136,13.136
Kenya 6Y,0.000,Kenya,Kenya,6Y,13.186,0.00,13.186,27/08,13.186,13.186
Kenya 7Y,0.000,Kenya,Kenya,7Y,13.274,0.00,13.274,27/08,13.274,13.274
Kenya 8Y,0.000,Kenya,Kenya,8Y,13.766,0.00,13.766,27/08,13.766,13.766
Kenya 9Y,0.000,Kenya,Kenya,9Y,13.600,0.00,13.600,27/08,13.600,13.600
Kenya 10Y,0.000,Kenya,Kenya,10Y,13.627,0.00,13.627,27/08,13.627,13.627
Kenya 12Y,0.000,Kenya,Kenya,12Y,13.686,0.00,13.686,27/08,13.686,13.686
Kenya 15Y,0.000,Kenya,Kenya,15Y,13.902,0.00,13.902,27/08,13.902,13.902
Kenya 20Y,0.000,Kenya,Kenya,20Y,14.250,0.00,14.250,27/08,14.250,14.250
Kenya 25Y,0.000,Kenya,Kenya,25Y,14.500,0.00,14.500,27/08,14.500,14.500
Latvia 3M,0.000,Latvia,Latvia,3M,0.031,0.00,0.031,26/08,0.031,0.031
Latvia 6M,0.000,Latvia,Latvia,6M,0.139,0.00,0.139,27/08,0.139,0.139
Latvia 2Y,0.000,Latvia,Latvia,2Y,0.250,0.00,0.250,27/08,0.250,0.250
Latvia 5Y,0.000,Latvia,Latvia,5Y,0.800,0.00,0.800,27/08,0.800,0.800
Latvia 10Y,0.000,Latvia,Latvia,10Y,1.347,0.00,1.347,27/08,1.347,1.347
Lithuania 6M,0.000,Lithuania,Lithuania,6M,0.200,0.00,0.200,27/08,0.200,0.200
Lithuania 3Y,0.000,Lithuania,Lithuania,3Y,0.486,0.00,0.486,27/08,0.486,0.486
Lithuania 5Y,0.000,Lithuania,Lithuania,5Y,1.197,0.00,1.197,27/08,1.197,1.197
Lithuania 10Y,0.000,Lithuania,Lithuania,10Y,1.650,0.00,1.650,27/08,1.650,1.650
Malaysia 3W,0.000,Malaysia,Malaysia,3W,3.150,0.00,3.150,27/08,3.150,3.150
Malaysia 3M,0.000,Malaysia,Malaysia,3M,3.180,0.00,3.180,27/08,3.180,3.180
Malaysia 7M,0.000,Malaysia,Malaysia,7M,3.170,0.00,3.170,27/08,3.170,3.170
Malaysia 1Y,0,Malaysia,Malaysia,1Y,3.200,0,3.200,27/08,3.200,3.200
Malaysia 3Y,0.000,Malaysia,Malaysia,3Y,3.506,0.00,3.506,27/08,3.506,3.506
Malaysia 5Y,-0.034,Malaysia,Malaysia,5Y,4.070,-0.83,4.039,3:31:42,4.073,4.039
Malaysia 10Y,-0.006,Malaysia,Malaysia,10Y,4.426,-0.14,4.420,1:13:35,4.426,4.420
Malaysia 20Y,0.000,Malaysia,Malaysia,20Y,4.790,0.00,4.790,27/08,4.790,4.790
Mauritius 2M,0.000,Mauritius,Mauritius,2M,1.250,0.00,1.250,26/08,1.250,1.250
Mauritius 4M,0.000,Mauritius,Mauritius,4M,1.500,0.00,1.500,26/08,1.500,1.500
Mauritius 6M,0.000,Mauritius,Mauritius,6M,1.650,0.00,1.650,26/08,1.650,1.650
Mauritius 8M,0.000,Mauritius,Mauritius,8M,1.950,0.00,1.950,26/08,1.950,1.950
Mauritius 1Y,0.000,Mauritius,Mauritius,1Y,2.350,0.00,2.350,26/08,2.350,2.350
Mexico Overnight,0.000,Mexico,Mexico,Overnight,2.990,0.00,2.990,1:45:03,2.990,2.990
Mexico 1M,0.020,Mexico,Mexico,1M,3.190,0.63,3.170,1:45:03,3.170,3.190
Mexico 3M,0.000,Mexico,Mexico,3M,3.410,0.00,3.410,1:45:03,3.410,3.410
Mexico 6M,0.000,Mexico,Mexico,6M,3.570,0.00,3.570,1:45:03,3.570,3.570
Mexico 9M,-0.020,Mexico,Mexico,9M,3.680,-0.54,3.650,1:45:03,3.680,3.660
Mexico 1Y,0.020,Mexico,Mexico,1Y,3.730,0.54,3.710,1:45:03,3.710,3.730
Mexico 3Y,-0.050,Mexico,Mexico,3Y,5.050,-0.99,4.970,1:15:04,5.040,4.990
Mexico 5Y,0.030,Mexico,Mexico,5Y,5.300,0.57,5.170,1:15:04,5.230,5.260
Mexico 7Y,-0.060,Mexico,Mexico,7Y,5.890,-1.02,5.730,1:15:04,5.880,5.820
Mexico 10Y,-0.050,Mexico,Mexico,10Y,6.130,-0.82,6.070,1:15:04,6.130,6.080
Mexico 18Y,0.000,Mexico,Mexico,18Y,6.480,0.00,6.400,14/08,6.422,6.422
Mexico 20Y,-0.040,Mexico,Mexico,20Y,6.710,-0.60,6.540,1:15:04,6.650,6.610
Mexico 30Y,-0.080,Mexico,Mexico,30Y,6.860,-1.17,6.740,1:15:04,6.820,6.740
Netherlands 3M,-0.016,Netherlands,Netherlands,3M,-0.254,0.00,-0.272,27/08,-0.270,-0.270
Netherlands 6M,-0.008,Netherlands,Netherlands,6M,-0.245,0.00,-0.253,27/08,-0.253,-0.253
Netherlands 2Y,0.027,Netherlands,Netherlands,2Y,-0.145,13.57,-0.202,0:30:18,-0.199,-0.172
Netherlands 3Y,0.014,Netherlands,Netherlands,3Y,-0.084,12.50,-0.118,2:05:54,-0.112,-0.098
Netherlands 4Y,0.014,Netherlands,Netherlands,4Y,0.021,1000.00,-0.010,3:30:09,0.001,0.015
Netherlands 5Y,0.011,Netherlands,Netherlands,5Y,0.149,8.59,0.115,0:01:10,0.128,0.139
Netherlands 6Y,0.012,Netherlands,Netherlands,6Y,0.324,4.47,0.273,3:32:10,0.291,0.304
Netherlands 7Y,0.006,Netherlands,Netherlands,7Y,0.458,1.33,0.428,0:01:10,0.451,0.457
Netherlands 8Y,0.006,Netherlands,Netherlands,8Y,0.633,0.80,0.596,27/08,0.624,0.629
Netherlands 9Y,-0.001,Netherlands,Netherlands,9Y,0.787,-0.13,0.745,27/08,0.778,0.777
Netherlands 10Y,0.001,Netherlands,Netherlands,10Y,0.954,0.11,0.907,27/08,0.941,0.942
Netherlands 20Y,0.005,Netherlands,Netherlands,20Y,1.349,0.37,1.296,27/08,1.336,1.341
Netherlands 30Y,-0.001,Netherlands,Netherlands,30Y,1.641,-0.12,1.570,3:29:48,1.627,1.625
New Zealand 1M,0.000,New Zealand,New Zealand,1M,3.040,0.00,3.040,3:30:56,3.040,3.040
New Zealand 2M,0.000,New Zealand,New Zealand,2M,2.960,0.00,2.960,3:30:56,2.960,2.960
New Zealand 3M,0.020,New Zealand,New Zealand,3M,2.930,0.69,2.910,3:30:56,2.910,2.930
New Zealand 4M,0.010,New Zealand,New Zealand,4M,2.910,0.34,2.900,3:30:56,2.900,2.910
New Zealand 5M,0.000,New Zealand,New Zealand,5M,2.910,0.00,2.900,3:30:56,2.900,2.900
New Zealand 6M,0.000,New Zealand,New Zealand,6M,2.890,0.00,2.890,3:30:56,2.890,2.890
New Zealand 2Y,0.010,New Zealand,New Zealand,2Y,2.570,0.39,2.535,3:05:53,2.540,2.550
New Zealand 5Y,0.035,New Zealand,New Zealand,5Y,2.725,1.30,2.675,3:32:17,2.685,2.720
New Zealand 7Y,0.040,New Zealand,New Zealand,7Y,2.800,1.45,2.750,3:32:17,2.760,2.800
New Zealand 10Y,0.060,New Zealand,New Zealand,10Y,3.290,1.86,3.220,3:32:17,3.230,3.290
Norway 1M,-0.160,Norway,Norway,1M,1.010,-15.09,0.900,0:00:28,1.060,0.900
Norway 2M,-0.130,Norway,Norway,2M,1.030,-12.62,0.900,0:00:28,1.030,0.900
Norway 3M,-0.015,Norway,Norway,3M,1.078,0.00,1.009,27/08,1.009,1.009
Norway 6M,0.006,Norway,Norway,6M,0.720,0.00,0.709,27/08,0.720,0.720
Norway 9M,-0.002,Norway,Norway,9M,0.693,0.00,0.682,27/08,0.689,0.689
Norway 1Y,0.003,Norway,Norway,1Y,0.662,0.00,0.649,27/08,0.662,0.662
Norway 2Y,0.003,Norway,Norway,2Y,0.578,0.00,0.558,27/08,0.578,0.578
Norway 5Y,0.009,Norway,Norway,5Y,0.707,1.29,0.681,27/08,0.698,0.707
Norway 10Y,0.041,Norway,Norway,10Y,1.524,0.00,1.486,27/08,1.522,1.522
Pakistan 3M,0.000,Pakistan,Pakistan,3M,6.950,0.00,6.900,27/08,6.900,6.900
Pakistan 6M,0.000,Pakistan,Pakistan,6M,6.950,0.00,6.900,27/08,6.900,6.900
Pakistan 1Y,0.000,Pakistan,Pakistan,1Y,6.900,0.00,6.900,27/08,6.900,6.900
Pakistan 3Y,-0.047,Pakistan,Pakistan,3Y,6.949,-0.66,6.949,27/08,6.995,6.949
Pakistan 5Y,0.001,Pakistan,Pakistan,5Y,7.452,0.01,7.452,27/08,7.451,7.452
Pakistan 10Y,0.201,Pakistan,Pakistan,10Y,9.401,2.20,9.200,27/08,9.199,9.401
Pakistan 15Y,-0.001,Pakistan,Pakistan,15Y,10.249,-0.01,10.249,27/08,10.250,10.249
Pakistan 20Y,-0.001,Pakistan,Pakistan,20Y,10.599,-0.01,10.599,27/08,10.600,10.599
Pakistan 30Y,0.001,Pakistan,Pakistan,30Y,11.101,0.01,11.101,27/08,11.100,11.101
Peru 9Y,-0.055,Peru,Peru,9Y,7.045,-0.78,6.990,1:00:05,7.045,6.990
Peru 15Y,0.000,Peru,Peru,15Y,7.400,0.00,7.400,1:00:05,7.400,7.400
Peru 20Y,-0.041,Peru,Peru,20Y,7.725,-0.53,7.684,1:00:05,7.725,7.684
Peru 30Y,-0.040,Peru,Peru,30Y,7.790,-0.51,7.790,1:00:05,7.830,7.790
Philippines 1M,0.000,Philippines,Philippines,1M,1.705,0.00,1.705,27/08,1.705,1.705
Philippines 3M,0.000,Philippines,Philippines,3M,1.768,0.00,1.768,27/08,1.768,1.768
Philippines 6M,0.000,Philippines,Philippines,6M,1.863,0.00,1.863,27/08,1.863,1.863
Philippines 1Y,0,Philippines,Philippines,1Y,1.875,0,1.875,27/08,1.875,1.875
Philippines 2Y,0.000,Philippines,Philippines,2Y,3.258,0.00,3.258,27/08,3.258,3.258
Philippines 3Y,0.000,Philippines,Philippines,3Y,3.006,0.00,3.006,27/08,3.006,3.006
Philippines 4Y,0.000,Philippines,Philippines,4Y,3.783,0.00,3.783,27/08,3.783,3.783
Philippines 5Y,0.000,Philippines,Philippines,5Y,3.385,0.00,3.385,27/08,3.385,3.385
Philippines 7Y,0.000,Philippines,Philippines,7Y,4.115,0.00,4.115,27/08,4.115,4.115
Philippines 10Y,0.000,Philippines,Philippines,10Y,4.360,0.00,4.360,27/08,4.360,4.360
Philippines 20Y,0.000,Philippines,Philippines,20Y,4.314,0.00,4.314,27/08,4.314,4.314
Philippines 25Y,0.000,Philippines,Philippines,25Y,4.560,0.00,4.560,27/08,4.560,4.560
Poland Overnight,-0.100,Poland,Poland,Overnight,1.500,-6.25,1.500,0:00:33,1.600,1.500
Poland 1M,0.000,Poland,Poland,1M,1.480,0.00,1.380,3:01:05,1.480,1.480
Poland 2M,0.030,Poland,Poland,2M,1.510,2.03,1.510,3:01:05,1.480,1.510
Poland 1Y,-0.088,Poland,Poland,1Y,1.774,0.00,1.659,27/08,1.659,1.659
Poland 2Y,0.000,Poland,Poland,2Y,1.860,0.00,1.816,27/08,1.827,1.827
Poland 3Y,-0.005,Poland,Poland,3Y,2.093,0.00,2.029,27/08,2.050,2.050
Poland 4Y,0.000,Poland,Poland,4Y,2.310,0.00,2.226,27/08,2.271,2.271
Poland 5Y,0.000,Poland,Poland,5Y,2.507,0.00,2.451,27/08,2.466,2.466
Poland 7Y,-0.006,Poland,Poland,7Y,2.810,-0.22,2.735,27/08,2.769,2.763
Poland 8Y,-0.006,Poland,Poland,8Y,2.899,-0.21,2.818,27/08,2.855,2.849
Poland 10Y,-0.006,Poland,Poland,10Y,2.980,0.00,2.883,27/08,2.949,2.949
Poland 15Y,-0.002,Poland,Poland,15Y,3.172,-0.06,3.065,27/08,3.154,3.152
Portugal 6M,0.025,Portugal,Portugal,6M,0.072,0.00,0.012,27/08,0.037,0.037
Portugal 2Y,-0.032,Portugal,Portugal,2Y,0.502,-7.45,0.408,27/08,0.443,0.410
Portugal 3Y,-0.017,Portugal,Portugal,3Y,0.681,-2.67,0.619,27/08,0.636,0.619
Portugal 4Y,-0.001,Portugal,Portugal,4Y,0.999,-0.11,0.940,27/08,0.949,0.948
Portugal 5Y,-0.006,Portugal,Portugal,5Y,1.371,-0.46,1.305,27/08,1.315,1.309
Portugal 6Y,0.001,Portugal,Portugal,6Y,1.705,0.06,1.642,27/08,1.644,1.645
Portugal 8Y,-0.002,Portugal,Portugal,8Y,2.340,-0.09,2.269,27/08,2.281,2.279
Portugal 9Y,-0.003,Portugal,Portugal,9Y,2.455,-0.13,2.382,27/08,2.395,2.392
Portugal 10Y,-0.012,Portugal,Portugal,10Y,2.701,-0.46,2.609,27/08,2.633,2.621
Portugal 15Y,0.026,Portugal,Portugal,15Y,3.121,0.88,3.029,27/08,3.060,3.087
Portugal 20Y,0.012,Portugal,Portugal,20Y,3.440,0.36,3.349,27/08,3.378,3.390
Qatar 5-Year,-0.021,Qatar,Qatar,5-Year,2.329,-0.90,2.251,0:11:18,2.346,2.325
Qatar 10-Year,-0.007,Qatar,Qatar,10-Year,2.760,-0.25,2.709,27/08,2.747,2.740
Qatar 20-Year,0.000,Qatar,Qatar,20-Year,4.043,0.00,4.022,13/08,4.036,4.036
Qatar 30-Year,-0.028,Qatar,Qatar,30-Year,4.411,-0.64,4.369,27/08,4.397,4.369
Romania 6M,0.000,Romania,Romania,6M,1.330,0.00,1.300,27/08,1.300,1.300
Romania 1Y,0.000,Romania,Romania,1Y,1.500,0.00,1.500,27/08,1.500,1.500
Romania 3Y,0.000,Romania,Romania,3Y,2.011,0.00,2.000,3:00:16,2.010,2.010
Romania 5Y,0.000,Romania,Romania,5Y,2.862,0.00,2.850,3:00:01,2.850,2.850
Romania 10Y,0.000,Romania,Romania,10Y,3.860,0.00,3.850,3:00:18,3.850,3.850
Russia Overnight,0.000,Russia,Russia,Overnight,11.470,0.00,11.470,27/08,11.470,11.470
Russia 1W,0.000,Russia,Russia,1W,11.550,0.00,11.550,27/08,11.550,11.550
Russia 2W,-0.040,Russia,Russia,2W,11.640,-0.34,11.600,27/08,11.600,11.600
Russia 1M,-0.010,Russia,Russia,1M,11.870,-0.08,11.860,27/08,11.860,11.860
Russia 2M,-0.050,Russia,Russia,2M,12.030,-0.42,11.980,27/08,11.980,11.980
Russia 3M,-0.030,Russia,Russia,3M,12.110,-0.25,12.080,27/08,12.080,12.080
Russia 6M,-0.020,Russia,Russia,6M,12.270,-0.16,12.250,27/08,12.250,12.250
Russia 1Y,-0.230,Russia,Russia,1Y,11.020,-2.04,11.020,27/08,11.020,11.020
Russia 2Y,-0.080,Russia,Russia,2Y,11.830,-0.68,11.680,27/08,11.730,11.730
Russia 3Y,-0.210,Russia,Russia,3Y,12.020,-1.75,11.710,27/08,11.760,11.760
Russia 5Y,-0.260,Russia,Russia,5Y,11.900,-2.16,11.800,27/08,11.800,11.800
Russia 10Y,-0.220,Russia,Russia,10Y,11.880,-1.85,11.520,27/08,11.690,11.690
Russia 15Y,-0.240,Russia,Russia,15Y,11.740,-2.04,11.420,27/08,11.520,11.520
Russia 25Y,0.000,Russia,Russia,25Y,9.820,0.00,9.810,26/08,9.810,9.810
Saudi Arabia 1M,0.000,Saudi Arabia,Saudi Arabia,1M,0.598,0.00,0.598,27/08,0.598,0.598
Saudi Arabia 2M,0.000,Saudi Arabia,Saudi Arabia,2M,0.701,0.00,0.701,27/08,0.701,0.701
Saudi Arabia 3M,0.000,Saudi Arabia,Saudi Arabia,3M,0.863,0.00,0.863,27/08,0.863,0.863
Saudi Arabia 6M,0.000,Saudi Arabia,Saudi Arabia,6M,0.931,0.00,0.931,27/08,0.931,0.931
Saudi Arabia 9M,0.000,Saudi Arabia,Saudi Arabia,9M,0.975,0.00,0.975,27/08,0.975,0.975
Saudi Arabia 1Y,0.000,Saudi Arabia,Saudi Arabia,1Y,1.074,0.00,1.074,27/08,1.074,1.074
Singapore 1M,0.000,Singapore,Singapore,1M,0.796,0.00,0.796,27/08,0.796,0.796
Singapore 2M,0.000,Singapore,Singapore,2M,0.868,0.00,0.868,27/08,0.868,0.868
Singapore 3M,0,Singapore,Singapore,3M,0.949,0,0.949,27/08,0.949,0.949
Singapore 1Y,0.000,Singapore,Singapore,1Y,1.000,0.00,1.000,27/08,1.000,1.000
Singapore 2Y,-0.001,Singapore,Singapore,2Y,1.048,0.00,1.004,2:47:13,1.023,1.023
Singapore 5Y,0.011,Singapore,Singapore,5Y,2.085,0.53,2.065,1:36:11,2.065,2.076
Singapore 10Y,0.030,Singapore,Singapore,10Y,2.768,1.11,2.682,3:12:59,2.708,2.738
Singapore 15Y,0.035,Singapore,Singapore,15Y,3.106,1.11,3.056,3:06:33,3.056,3.090
Singapore 20Y,0.035,Singapore,Singapore,20Y,3.147,1.10,3.077,3:06:27,3.078,3.112
Slovakia 2-Year,0.002,Slovakia,Slovakia,2-Year,0.108,1.94,0.071,27/08,0.103,0.105
Slovakia 4-Year,0.001,Slovakia,Slovakia,4-Year,0.205,0.51,0.161,27/08,0.198,0.199
Slovakia 5-Year,0.003,Slovakia,Slovakia,5-Year,0.316,1.11,0.237,27/08,0.270,0.273
Slovakia 8-Year,-0.002,Slovakia,Slovakia,8-Year,0.701,0.00,0.642,27/08,0.655,0.655
Slovenia 2Y,0.085,Slovenia,Slovenia,2Y,0.333,48.28,-0.765,27/08,0.174,0.258
Slovenia 5Y,-0.002,Slovenia,Slovenia,5Y,0.566,-0.37,0.532,27/08,0.545,0.543
Slovenia 10Y,-0.001,Slovenia,Slovenia,10Y,1.930,-0.05,1.875,27/08,1.882,1.881
South Africa 3M,0.000,South Africa,South Africa,3M,6.490,0.00,6.490,26/08,6.490,6.490
South Africa 3Y,-0.010,South Africa,South Africa,3Y,7.635,-0.13,7.565,27/08,7.575,7.565
South Africa 5Y,0.000,South Africa,South Africa,5Y,7.895,0.00,7.825,27/08,7.835,7.835
South Africa 8Y,0.000,South Africa,South Africa,8Y,8.225,0.00,8.160,27/08,8.160,8.160
South Africa 10Y,-0.005,South Africa,South Africa,10Y,8.405,-0.06,8.330,27/08,8.335,8.330
South Africa 15Y,0.000,South Africa,South Africa,15Y,8.820,0.00,8.745,27/08,8.745,8.745
South Africa 20Y,-0.080,South Africa,South Africa,20Y,8.915,-0.90,8.845,27/08,8.855,8.855
South Africa 30Y,0.020,South Africa,South Africa,30Y,9.030,0.22,8.940,27/08,8.945,8.965
South Korea 1Y,-0.001,South Korea,South Korea,1Y,1.584,-0.06,1.584,2:23:10,1.585,1.584
South Korea 2Y,0.011,South Korea,South Korea,2Y,1.671,0.66,1.671,0:57:22,1.660,1.671
South Korea 3Y,0.009,South Korea,South Korea,3Y,1.722,0.53,1.714,3:08:24,1.709,1.718
South Korea 4Y,0.000,South Korea,South Korea,4Y,1.878,0.00,1.868,27/08,1.868,1.868
South Korea 5Y,0.015,South Korea,South Korea,5Y,1.917,0.79,1.906,2:55:51,1.902,1.917
South Korea 10Y,0.035,South Korea,South Korea,10Y,2.300,1.55,2.270,3:24:13,2.264,2.299
South Korea 20Y,0.037,South Korea,South Korea,20Y,2.468,1.52,2.436,2:58:37,2.429,2.466
Spain 3M,0.006,Spain,Spain,3M,0.018,0.00,-0.061,27/08,-0.035,-0.035
Spain 6M,0.010,Spain,Spain,6M,0.073,0.00,0.008,27/08,0.040,0.040
Spain 1Y,0.039,Spain,Spain,1Y,0.084,0.00,0.046,27/08,0.083,0.083
Spain 2Y,0.114,Spain,Spain,2Y,0.451,66.47,0.135,3:30:03,0.173,0.288
Spain 3Y,0.090,Spain,Spain,3Y,0.628,20.93,0.418,3:30:02,0.430,0.520
Spain 4Y,-0.004,Spain,Spain,4Y,0.692,-0.60,0.657,27/08,0.666,0.662
Spain 5Y,-0.008,Spain,Spain,5Y,1.077,-0.77,1.030,27/08,1.043,1.035
Spain 6Y,0.062,Spain,Spain,6Y,1.391,5.04,1.213,3:30:03,1.229,1.291
Spain 7Y,-0.007,Spain,Spain,7Y,1.471,-0.49,1.418,27/08,1.428,1.421
Spain 8Y,0.060,Spain,Spain,8Y,1.761,3.57,1.667,3:30:03,1.681,1.741
Spain 9Y,0.067,Spain,Spain,9Y,2.003,3.47,1.918,3:30:03,1.932,1.999
Spain 10Y,0.053,Spain,Spain,10Y,2.135,2.57,2.049,3:30:03,2.064,2.117
Spain 15Y,0.052,Spain,Spain,15Y,2.647,1.98,2.547,3:30:03,2.578,2.629
Spain 20Y,0.032,Spain,Spain,20Y,2.719,1.20,2.644,3:30:03,2.677,2.709
Spain 30Y,0.032,Spain,Spain,30Y,3.159,1.03,3.086,3:30:02,3.119,3.151
Sri Lanka 3M,0.162,Sri Lanka,Sri Lanka,3M,6.667,2.49,6.667,3:01:18,6.505,6.667
Sri Lanka 6M,0.137,Sri Lanka,Sri Lanka,6M,6.912,2.02,6.912,3:01:18,6.775,6.912
Sri Lanka 1Y,-0.021,Sri Lanka,Sri Lanka,1Y,6.900,-0.30,6.900,3:01:18,6.921,6.900
Sri Lanka 2Y,0.243,Sri Lanka,Sri Lanka,2Y,7.629,3.29,7.629,3:01:18,7.386,7.629
Sri Lanka 3Y,0.114,Sri Lanka,Sri Lanka,3Y,8.264,1.40,8.264,3:01:18,8.150,8.264
Sri Lanka 4Y,0.245,Sri Lanka,Sri Lanka,4Y,8.586,2.94,8.586,3:01:18,8.341,8.586
Sri Lanka 5Y,0.219,Sri Lanka,Sri Lanka,5Y,8.844,2.54,8.844,3:01:18,8.625,8.844
Sweden 1M,-0.062,Sweden,Sweden,1M,-0.516,-10.49,-0.539,27/08,-0.516,-0.516
Sweden 2M,-0.021,Sweden,Sweden,2M,-0.500,-4.82,-0.507,27/08,-0.500,-0.500
Sweden 3M,0.001,Sweden,Sweden,3M,-0.450,0.00,-0.468,27/08,-0.450,-0.450
Sweden 6M,-0.010,Sweden,Sweden,6M,-0.493,-1.65,-0.496,27/08,-0.493,-0.493
Sweden 2Y,0.002,Sweden,Sweden,2Y,-0.516,0.39,-0.528,27/08,-0.518,-0.516
Sweden 5Y,0.002,Sweden,Sweden,5Y,0.060,3.45,0.014,27/08,0.058,0.060
Sweden 20-Year,0.002,Sweden,Sweden,20-Year,1.380,0.15,1.316,27/08,1.376,1.378
Sweden 10Y,0.001,Sweden,Sweden,10Y,0.691,0.15,0.633,27/08,0.688,0.688
Sweden 30Y,0.005,Sweden,Sweden,30Y,1.651,0.31,1.582,27/08,1.639,1.644
Switzerland Overnight,-0.080,Switzerland,Switzerland,Overnight,-0.890,-8.70,-1.000,27/08,-0.920,-1.000
Switzerland 1W,-0.110,Switzerland,Switzerland,1W,-0.880,-12.36,-1.000,27/08,-0.890,-1.000
Switzerland 1M,-0.070,Switzerland,Switzerland,1M,-0.880,-7.95,-1.020,27/08,-0.880,-0.950
Switzerland 2M,0.040,Switzerland,Switzerland,2M,-0.840,4.35,-1.000,27/08,-0.880,-0.880
Switzerland 3M,-0.030,Switzerland,Switzerland,3M,-0.840,-3.53,-1.000,27/08,-0.850,-0.880
Switzerland 6M,0.070,Switzerland,Switzerland,6M,-0.730,8.05,-0.900,3:34:34,-0.870,-0.800
Switzerland 1Y,0.050,Switzerland,Switzerland,1Y,-0.720,6.25,-0.800,27/08,-0.800,-0.750
Switzerland 2Y,0.005,Switzerland,Switzerland,2Y,-0.727,0.68,-0.753,27/08,-0.732,-0.732
Switzerland 3Y,-0.035,Switzerland,Switzerland,3Y,-0.696,-5.03,-0.770,27/08,-0.731,-0.731
Switzerland 4Y,-0.015,Switzerland,Switzerland,4Y,-0.678,-2.21,-0.729,27/08,-0.678,-0.693
Switzerland 5Y,-0.006,Switzerland,Switzerland,5Y,-0.596,-1.01,-0.628,27/08,-0.602,-0.602
Switzerland 6Y,0.003,Switzerland,Switzerland,6Y,-0.508,0.58,-0.532,27/08,-0.511,-0.511
Switzerland 7Y,0.029,Switzerland,Switzerland,7Y,-0.376,0.00,-0.413,27/08,-0.379,-0.379
Switzerland 8Y,0.039,Switzerland,Switzerland,8Y,-0.322,0.00,-0.358,27/08,-0.323,-0.323
Switzerland 9Y,0.024,Switzerland,Switzerland,9Y,-0.230,0.00,-0.257,27/08,-0.235,-0.235
Switzerland 10Y,0.000,Switzerland,Switzerland,10Y,-0.119,0.00,-0.166,27/08,-0.144,-0.144
Switzerland 15Y,-0.016,Switzerland,Switzerland,15Y,0.250,0.00,0.221,27/08,0.243,0.243
Switzerland 20Y,0.027,Switzerland,Switzerland,20Y,0.418,0.00,0.397,27/08,0.418,0.418
Switzerland 30Y,0.031,Switzerland,Switzerland,30Y,0.539,0.00,0.520,27/08,0.530,0.530
Taiwan 1M,-0.002,Taiwan,Taiwan,1M,0.610,-0.42,0.300,2:00:02,0.477,0.475
Taiwan 2M,0,Taiwan,Taiwan,2M,0.500,0,0.500,1:42:30,0.500,0.500
Taiwan 3M,0,Taiwan,Taiwan,3M,0.500,0,0.500,1:42:19,0.500,0.500
Taiwan 6M,0,Taiwan,Taiwan,6M,0.600,0,0.600,1:42:17,0.600,0.600
Taiwan 2Y,0,Taiwan,Taiwan,2Y,0.550,0,0.550,27/08,0.550,0.550
Taiwan 5Y,0.000,Taiwan,Taiwan,5Y,0.770,0.00,0.770,27/08,0.770,0.770
Taiwan 10Y,0.000,Taiwan,Taiwan,10Y,1.130,0.00,1.130,27/08,1.130,1.130
Taiwan 20Y,0.000,Taiwan,Taiwan,20Y,1.830,0.00,1.830,27/08,1.830,1.830
Taiwan 30Y,0.000,Taiwan,Taiwan,30Y,2.140,0.00,2.140,27/08,2.140,2.140
Thailand 1Y,-0.010,Thailand,Thailand,1Y,1.590,-0.63,1.580,3:10:06,1.590,1.580
Thailand 2Y,-0.010,Thailand,Thailand,2Y,1.520,-0.66,1.510,3:20:49,1.520,1.510
Thailand 5Y,0.000,Thailand,Thailand,5Y,2.130,0.00,2.110,3:13:55,2.130,2.130
Thailand 7Y,-0.030,Thailand,Thailand,7Y,2.740,-1.09,2.720,3:12:21,2.750,2.720
Thailand 10Y,-0.030,Thailand,Thailand,10Y,2.780,-1.07,2.770,3:10:25,2.800,2.770
Thailand 12Y,-0.030,Thailand,Thailand,12Y,3.130,-0.96,3.110,3:10:26,3.140,3.110
Thailand 14Y,0.010,Thailand,Thailand,14Y,3.180,0.32,3.150,3:13:47,3.170,3.180
Thailand 16Y,0.000,Thailand,Thailand,16Y,3.490,0.00,3.470,2:31:41,3.490,3.470
Thailand 18Y,0.000,Thailand,Thailand,18Y,3.540,0.00,3.520,2:31:42,3.540,3.520
Turkey 1Y,-0.050,Turkey,Turkey,1Y,9.950,-0.51,9.800,27/08,9.800,9.800
Turkey 2Y,-0.120,Turkey,Turkey,2Y,10.850,-1.11,10.660,27/08,10.810,10.690
Turkey 3Y,-0.060,Turkey,Turkey,3Y,10.630,-0.57,10.370,27/08,10.550,10.550
Turkey 5Y,-0.180,Turkey,Turkey,5Y,10.530,-1.73,10.150,27/08,10.380,10.200
Turkey 10Y,-0.070,Turkey,Turkey,10Y,10.150,-0.70,9.870,27/08,10.000,9.930
Uganda 3M,0.000,Uganda,Uganda,3M,15.000,0.00,15.000,0:08:20,15.000,15.000
Uganda 6M,0.000,Uganda,Uganda,6M,16.000,0.00,16.000,0:08:21,16.000,16.000
Uganda 1Y,0.000,Uganda,Uganda,1Y,15.930,0.00,15.930,0:08:17,15.930,15.930
Uganda 2Y,0.000,Uganda,Uganda,2Y,18.800,0.00,17.773,0:08:53,18.800,18.800
Uganda 3Y,-0.637,Uganda,Uganda,3Y,18.544,-3.44,17.907,0:07:56,18.544,17.907
Uganda 4Y,-0.585,Uganda,Uganda,4Y,18.524,-3.16,17.939,0:08:17,18.524,17.939
Uganda 5Y,-0.624,Uganda,Uganda,5Y,18.577,-3.36,17.953,0:07:52,18.577,17.953
Uganda 10Y,0.000,Uganda,Uganda,10Y,18.842,0.00,18.842,27/08,18.842,18.842
Ukraine 1Y,0.000,Ukraine,Ukraine,1Y,20.000,0.00,20.000,27/08,20.000,20.000
Ukraine 2Y,0.000,Ukraine,Ukraine,2Y,20.000,0.00,20.000,27/08,20.000,20.000
UK 1M Yield,-0.001,UK 1M,UK 1M,Yield,0.405,-0.25,0.405,27/08,0.405,0.405
UK 3M Yield,-0.001,UK 3M,UK 3M,Yield,0.477,0.00,0.477,27/08,0.477,0.477
UK 6M Yield,0.009,UK 6M,UK 6M,Yield,0.530,1.73,0.530,27/08,0.530,0.530
UK 1Y Yield,0.045,UK 1Y,UK 1Y,Yield,0.539,9.54,0.451,3:32:15,0.482,0.528
UK 2Y Yield,0.052,UK 2Y,UK 2Y,Yield,0.745,7.56,0.668,3:30:05,0.688,0.740
UK 3Y Yield,0.054,UK 3Y,UK 3Y,Yield,0.968,5.94,0.881,3:32:15,0.909,0.963
UK 4Y Yield,0.050,UK 4Y,UK 4Y,Yield,1.204,4.34,1.124,0:53:40,1.152,1.202
UK 5Y Yield,0.004,UK 5Y,UK 5Y,Yield,1.424,0.29,1.366,27/08,1.393,1.397
UK 6Y Yield,0.006,UK 6Y,UK 6Y,Yield,1.542,0.40,1.481,27/08,1.507,1.513
UK 7Y Yield,0.005,UK 7Y,UK 7Y,Yield,1.704,0.30,1.648,27/08,1.677,1.682
UK 8Y Yield,0.006,UK 8Y,UK 8Y,Yield,1.825,0.34,1.742,27/08,1.772,1.778
UK 9Y Yield,0.006,UK 9Y,UK 9Y,Yield,1.897,0.32,1.837,27/08,1.869,1.875
UK 10Y Yield,0.005,UK 10Y,UK 10Y,Yield,2.007,0.25,1.946,27/08,1.979,1.984
UK 15Y Yield,0.006,UK 15Y,UK 15Y,Yield,2.306,0.26,2.242,27/08,2.269,2.275
UK 20Y Yield,0.006,UK 20Y,UK 20Y,Yield,2.463,0.25,2.404,27/08,2.431,2.437
UK 25Y Yield,0.006,UK 25Y,UK 25Y,Yield,2.569,0.24,2.513,27/08,2.542,2.548
UK 30Y Yield,0.005,UK 30Y,UK 30Y,Yield,2.606,0.19,2.549,27/08,2.577,2.582
UK 40Y Yield,0.006,UK 40Y,UK 40Y,Yield,2.483,0.20,2.424,27/08,2.450,2.455
UK 50Y Yield,0.006,UK 50Y,UK 50Y,Yield,2.481,0.20,2.421,27/08,2.450,2.455
US 1M Yield,0.003,US 1M,US 1M,Yield,0.015,27.00,0.010,0:50:59,0.010,0.013
US 3M Yield,-0.002,US 3M,US 3M,Yield,0.056,-3.62,0.056,27/08,0.058,0.056
US 6M Yield,-0.000,US 6M,US 6M,Yield,0.209,-0.19,0.206,0:32:44,0.209,0.209
US 1Y Yield,-0.000,US 1Y,US 1Y,Yield,0.352,-0.03,0.352,27/08,0.352,0.352
US 2Y Yield,0.004,US 2Y,US 2Y,Yield,0.703,0.56,0.688,1:58:24,0.684,0.688
US 3Y Yield,0.008,US 3Y,US 3Y,Yield,1.003,0.78,0.984,2:59:59,0.979,0.987
US 5Y Yield,0.011,US 5Y,US 5Y,Yield,1.512,0.77,1.492,3:32:24,1.484,1.495
US 7Y Yield,0.011,US 7Y,US 7Y,Yield,1.925,0.57,1.899,3:34:16,1.893,1.904
US 10Y Yield,0.011,US 10Y,US 10Y,Yield,2.197,0.51,2.174,3:30:02,2.166,2.177
US 30Y Yield,0.009,US 30Y,US 30Y,Yield,2.936,0.31,2.910,3:32:36,2.902,2.911
Venezuela 1Y,-1.767,Venezuela,Venezuela,1Y,67.956,-3.24,62.646,1:45:04,64.807,64.807
Venezuela 5Y,-2.460,Venezuela,Venezuela,5Y,36.963,-7.13,35.058,2:15:05,37.751,35.058
Venezuela 15Y,-0.176,Venezuela,Venezuela,15Y,26.222,-0.67,26.222,2:00:05,26.399,26.222
Venezuela 20Y,-0.497,Venezuela,Venezuela,20Y,27.829,-1.75,27.829,2:00:05,28.326,27.829
Vietnam 1Y,0.000,Vietnam,Vietnam,1Y,5.073,0.00,5.073,0:08:01,5.073,5.073
Vietnam 2Y,0.000,Vietnam,Vietnam,2Y,5.427,0.00,5.427,0:08:25,5.427,5.427
Vietnam 3Y,0.000,Vietnam,Vietnam,3Y,5.735,0.00,5.735,0:08:03,5.735,5.735
Vietnam 5Y,0,Vietnam,Vietnam,5Y,6.425,0,6.425,0:08:26,6.425,6.425
Vietnam 7Y,0.000,Vietnam,Vietnam,7Y,6.843,0.00,6.843,0:08:03,6.843,6.843
Vietnam 10Y,0,Vietnam,Vietnam,10Y,7.023,0,7.023,0:08:26,7.023,7.023
